﻿<?xml version="1.0" encoding="utf-8"?>
<Deployment xmlns="http://schemas.microsoft.com/windowsphone/2012/deployment" AppPlatformVersion="8.0">
  <DefaultLanguage xmlns="" code="" />
  <App xmlns="" ProductID="{48775216-14fb-449a-a1e3-3f80b972d869}" Title="NLogWindowsPhoneApplication" RuntimeType="Silverlight" Version="1.0.0.0" Genre="apps.normal" Author="NLogWindowsPhoneApplication author" Description="Sample description" Publisher="NLogWindowsPhoneApplication" PublisherID="{3bf15437-df77-4cfc-99e9-c6169a0da0c2}">
    <IconPath IsRelative="true" IsResource="false">ApplicationIcon.png</IconPath>
    <Capabilities>
      <Capability Name="ID_CAP_GAMERSERVICES" />
      <Capability Name="ID_CAP_IDENTITY_DEVICE" />
      <Capability Name="ID_CAP_IDENTITY_USER" />
      <Capability Name="ID_CAP_LOCATION" />
      <Capability Name="ID_CAP_MICROPHONE" />
      <Capability Name="ID_CAP_NETWORKING" />
      <Capability Name="ID_CAP_PHONEDIALER" />
      <Capability Name="ID_CAP_PUSH_NOTIFICATION" />
      <Capability Name="ID_CAP_SENSORS" />
      <Capability Name="ID_CAP_WEBBROWSERCOMPONENT" />
      <Capability Name="ID_CAP_MEDIALIB_AUDIO" />
      <Capability Name="ID_CAP_MEDIALIB_PHOTO" />
      <Capability Name="ID_CAP_MEDIALIB_PLAYBACK" />
    </Capabilities>
    <Tasks>
      <DefaultTask Name="_default" NavigationPage="MainPage.xaml" />
    </Tasks>
    <Tokens>
      <PrimaryToken TokenID="NLogWindowsPhoneApplicationToken" TaskName="_default">
        <TemplateFlip>
          <SmallImageURI IsResource="false" IsRelative="true">Background.png</SmallImageURI>
          <Count>0</Count>
          <BackgroundImageURI IsResource="false" IsRelative="true">Background.png</BackgroundImageURI>
          <Title>NLogWindowsPhoneApplication</Title>
          <BackContent></BackContent>
          <BackBackgroundImageURI></BackBackgroundImageURI>
          <BackTitle></BackTitle>
          <DeviceLockImageURI></DeviceLockImageURI>
          <HasLarge>false</HasLarge>
        </TemplateFlip>
      </PrimaryToken>
    </Tokens>
    <ScreenResolutions>
      <ScreenResolution Name="ID_RESOLUTION_WVGA" />
      <ScreenResolution Name="ID_RESOLUTION_WXGA" />
      <ScreenResolution Name="ID_RESOLUTION_HD720P" />
    </ScreenResolutions>
  </App>
</Deployment>